1,Nike Air Force 1,Nike,40,79.99,Homme,Blanche,Lifestyle,img/produit1.jpg
2,Nike Air Force 1,Nike,41,79.99,Homme,Blanche,Lifestyle,img/produit1.jpg
3,Nike Air Force 1,Nike,42,79.99,Homme,Blanche,Lifestyle,img/produit1.jpg
4,Nike Air Force 1,Nike,43,79.99,Homme,Blanche,Lifestyle,img/produit1.jpg
5,Nike Air Force 1,Nike,44,79.99,Homme,Blanche,Lifestyle,img/produit1.jpg
6,Nike Air Force 1,Nike,45,79.99,Homme,Blanche,Lifestyle,img/produit1.jpg
7,Nike Air Force 1,Nike,46,79.99,Homme,Blanche,Lifestyle,img/produit1.jpg
8,Nike Air Force 1,Nike,47,79.99,Homme,Blanche,Lifestyle,img/produit1.jpg
9,Nike Air Force 1,Nike,48,79.99,Homme,Blanche,Lifestyle,img/produit1.jpg
10,Nike Air Force 1,Nike,49,79.99,Homme,Blanche,Lifestyle,img/produit1.jpg
11,Nike Air Max Dn,Nike,40,159.99,Homme,Noir,Lifestyle,img/chaussure2.jpg
12,Nike Air Max Dn,Nike,41,159.99,Homme,Noir,Lifestyle,img/chaussure2.jpg
13,Nike Air Max Dn,Nike,42,159.99,Homme,Noir,Lifestyle,img/chaussure2.jpg
14,Nike Air Max Dn,Nike,43,159.99,Homme,Noir,Lifestyle,img/chaussure2.jpg
15,Nike Air Max Dn,Nike,44,159.99,Homme,Noir,Lifestyle,img/chaussure2.jpg
16,Nike Air Max Dn,Nike,45,159.99,Homme,Noir,Lifestyle,img/chaussure2.jpg
17,Nike Air Max Dn,Nike,46,159.99,Homme,Noir,Lifestyle,img/chaussure2.jpg
18,Nike Air Max Dn,Nike,47,159.99,Homme,Noir,Lifestyle,img/chaussure2.jpg
19,Nike Air Max Dn,Nike,48,159.99,Homme,Noir,Lifestyle,img/chaussure2.jpg
20,Nike Air Max Dn,Nike,49,159.99,Homme,Noir,Lifestyle,img/chaussure2.jpg
21,Nike Tuned 1 Utility,Nike,40,129.99,Homme,Noir,Lifestyle,img/chaussure3.jpg
22,Nike Tuned 1 Utility,Nike,41,129.99,Homme,Noir,Lifestyle,img/chaussure3.jpg
23,Nike Tuned 1 Utility,Nike,42,129.99,Homme,Noir,Lifestyle,img/chaussure3.jpg
24,Nike Tuned 1 Utility,Nike,43,129.99,Homme,Noir,Lifestyle,img/chaussure3.jpg
25,Nike Tuned 1 Utility,Nike,44,129.99,Homme,Noir,Lifestyle,img/chaussure3.jpg
26,Nike Tuned 1 Utility,Nike,45,129.99,Homme,Noir,Lifestyle,img/chaussure3.jpg
27,Nike Tuned 1 Utility,Nike,46,129.99,Homme,Noir,Lifestyle,img/chaussure3.jpg
28,Nike Tuned 1 Utility,Nike,47,129.99,Homme,Noir,Lifestyle,img/chaussure3.jpg
29,Nike Tuned 1 Utility,Nike,48,129.99,Homme,Noir,Lifestyle,img/chaussure3.jpg
30,Nike Tuned 1 Utility,Nike,49,129.99,Homme,Noir,Lifestyle,img/chaussure3.jpg
31,New Balance 9060,New Balance,40,119.99,Homme,Noir,Lifestyle,img/chaussure4.jpg
32,New Balance 9060,New Balance,41,119.99,Homme,Noir,Lifestyle,img/chaussure4.jpg
33,New Balance 9060,New Balance,42,119.99,Homme,Noir,Lifestyle,img/chaussure4.jpg
34,New Balance 9060,New Balance,43,119.99,Homme,Noir,Lifestyle,img/chaussure4.jpg
35,New Balance 9060,New Balance,44,119.99,Homme,Noir,Lifestyle,img/chaussure4.jpg
36,New Balance 9060,New Balance,45,119.99,Homme,Noir,Lifestyle,img/chaussure4.jpg
37,New Balance 9060,New Balance,46,119.99,Homme,Noir,Lifestyle,img/chaussure4.jpg
38,New Balance 9060,New Balance,47,119.99,Homme,Noir,Lifestyle,img/chaussure4.jpg
39,New Balance 9060,New Balance,48,119.99,Homme,Noir,Lifestyle,img/chaussure4.jpg
40,New Balance 9060,New Balance,49,119.99,Homme,Noir,Lifestyle,img/chaussure4.jpg
41,Adidas Ozelia,Adidas,40,89.99,Homme,Noir,Lifestyle,img/chaussure5.jpg
42,Adidas Ozelia,Adidas,41,89.99,Homme,Noir,Lifestyle,img/chaussure5.jpg
43,Adidas Ozelia,Adidas,42,89.99,Homme,Noir,Lifestyle,img/chaussure5.jpg
44,Adidas Ozelia,Adidas,43,89.99,Homme,Noir,Lifestyle,img/chaussure5.jpg
45,Adidas Ozelia,Adidas,44,89.99,Homme,Noir,Lifestyle,img/chaussure5.jpg
46,Adidas Ozelia,Adidas,45,89.99,Homme,Noir,Lifestyle,img/chaussure5.jpg
47,Adidas Ozelia,Adidas,46,89.99,Homme,Noir,Lifestyle,img/chaussure5.jpg
48,Adidas Ozelia,Adidas,47,89.99,Homme,Noir,Lifestyle,img/chaussure5.jpg
49,Adidas Ozelia,Adidas,48,89.99,Homme,Noir,Lifestyle,img/chaussure5.jpg
50,Adidas Ozelia,Adidas,49,89.99,Homme,Noir,Lifestyle,img/chaussure5.jpg
51,Asics GEL-NYC,Asics,40,99.99,Homme,Beige,Lifestyle,img/chaussure6.jpg
52,Asics GEL-NYC,Asics,41,99.99,Homme,Beige,Lifestyle,img/chaussure6.jpg
53,Asics GEL-NYC,Asics,42,99.99,Homme,Beige,Lifestyle,img/chaussure6.jpg
54,Asics GEL-NYC,Asics,43,99.99,Homme,Beige,Lifestyle,img/chaussure6.jpg
55,Asics GEL-NYC,Asics,44,99.99,Homme,Beige,Lifestyle,img/chaussure6.jpg
56,Asics GEL-NYC,Asics,45,99.99,Homme,Beige,Lifestyle,img/chaussure6.jpg
57,Asics GEL-NYC,Asics,46,99.99,Homme,Beige,Lifestyle,img/chaussure6.jpg
58,Asics GEL-NYC,Asics,47,99.99,Homme,Beige,Lifestyle,img/chaussure6.jpg
59,Asics GEL-NYC,Asics,48,99.99,Homme,Beige,Lifestyle,img/chaussure6.jpg
60,Asics GEL-NYC,Asics,49,99.99,Homme,Beige,Lifestyle,img/chaussure6.jpg
61,Timberland Motion 6,Timberland,40,114.99,Homme,Beige,Classique,img/chaussure7.jpg
62,Timberland Motion 6,Timberland,41,114.99,Homme,Beige,Classique,img/chaussure7.jpg
63,Timberland Motion 6,Timberland,42,114.99,Homme,Beige,Classique,img/chaussure7.jpg
64,Timberland Motion 6,Timberland,43,114.99,Homme,Beige,Classique,img/chaussure7.jpg
65,Timberland Motion 6,Timberland,44,114.99,Homme,Beige,Classique,img/chaussure7.jpg
66,Timberland Motion 6,Timberland,45,114.99,Homme,Beige,Classique,img/chaussure7.jpg
67,Timberland Motion 6,Timberland,46,114.99,Homme,Beige,Classique,img/chaussure7.jpg
68,Timberland Motion 6,Timberland,47,114.99,Homme,Beige,Classique,img/chaussure7.jpg
69,Timberland Motion 6,Timberland,48,114.99,Homme,Beige,Classique,img/chaussure7.jpg
70,Timberland Motion 6,Timberland,49,114.99,Homme,Beige,Classique,img/chaussure7.jpg
71,Jordan Post Slide,Nike,40,34.99,Homme,Noir,Claquette,img/chaussure8.jpg
72,Jordan Post Slide,Nike,41,34.99,Homme,Noir,Claquette,img/chaussure8.jpg
73,Jordan Post Slide,Nike,42,34.99,Homme,Noir,Claquette,img/chaussure8.jpg
74,Jordan Post Slide,Nike,43,34.99,Homme,Noir,Claquette,img/chaussure8.jpg
75,Jordan Post Slide,Nike,44,34.99,Homme,Noir,Claquette,img/chaussure8.jpg
76,Jordan Post Slide,Nike,45,34.99,Homme,Noir,Claquette,img/chaussure8.jpg
77,Jordan Post Slide,Nike,46,34.99,Homme,Noir,Claquette,img/chaussure8.jpg
78,Jordan Post Slide,Nike,47,34.99,Homme,Noir,Claquette,img/chaussure8.jpg
79,Jordan Post Slide,Nike,48,34.99,Homme,Noir,Claquette,img/chaussure8.jpg
80,Jordan Post Slide,Nike,49,34.99,Homme,Noir,Claquette,img/chaussure8.jpg
81,Nike Air Max 97,Nike,40,129.99,Femme,Gris,Lifestyle,img/chaussure1f.jpg
82,Nike Air Max 97,Nike,41,129.99,Femme,Gris,Lifestyle,img/chaussure1f.jpg
83,Nike Air Max 97,Nike,42,129.99,Femme,Gris,Lifestyle,img/chaussure1f.jpg
84,Nike Air Max 97,Nike,43,129.99,Femme,Gris,Lifestyle,img/chaussure1f.jpg
85,Nike Air Max 97,Nike,44,129.99,Femme,Gris,Lifestyle,img/chaussure1f.jpg
86,Nike Air Max 97,Nike,45,129.99,Femme,Gris,Lifestyle,img/chaussure1f.jpg
87,Nike Air Max 97,Nike,46,129.99,Femme,Gris,Lifestyle,img/chaussure1f.jpg
88,Nike Air Max 97,Nike,47,129.99,Femme,Gris,Lifestyle,img/chaussure1f.jpg
89,Nike Air Max 97,Nike,48,129.99,Femme,Gris,Lifestyle,img/chaussure1f.jpg
90,Nike Air Max 97,Nike,49,129.99,Femme,Gris,Lifestyle,img/chaussure1f.jpg
91,adidas Superstar XLG,Adidas,40,79.99,Femme,Blanc,Classique,img/chaussure2f.jpg
92,adidas Superstar XLG,Adidas,41,79.99,Femme,Blanc,Classique,img/chaussure2f.jpg
93,adidas Superstar XLG,Adidas,42,79.99,Femme,Blanc,Classique,img/chaussure2f.jpg
94,adidas Superstar XLG,Adidas,43,79.99,Femme,Blanc,Classique,img/chaussure2f.jpg
95,adidas Superstar XLG,Adidas,44,79.99,Femme,Blanc,Classique,img/chaussure2f.jpg
96,adidas Superstar XLG,Adidas,45,79.99,Femme,Blanc,Classique,img/chaussure2f.jpg
97,adidas Superstar XLG,Adidas,46,79.99,Femme,Blanc,Classique,img/chaussure2f.jpg
98,adidas Superstar XLG,Adidas,47,79.99,Femme,Blanc,Classique,img/chaussure2f.jpg
99,adidas Superstar XLG,Adidas,48,79.99,Femme,Blanc,Classique,img/chaussure2f.jpg
100,adidas Superstar XLG,Adidas,49,79.99,Femme,Blanc,Classique,img/chaussure2f.jpg
101,Nike 1 Mid,Nike,40,104.99,Femme,Violet,Lifestyle,img/chaussure3f.jpg
102,Nike 1 Mid,Nike,41,104.99,Femme,Violet,Lifestyle,img/chaussure3f.jpg
103,Nike 1 Mid,Nike,42,104.99,Femme,Violet,Lifestyle,img/chaussure3f.jpg
104,Nike 1 Mid,Nike,43,104.99,Femme,Violet,Lifestyle,img/chaussure3f.jpg
105,Nike 1 Mid,Nike,44,104.99,Femme,Violet,Lifestyle,img/chaussure3f.jpg
106,Nike 1 Mid,Nike,45,104.99,Femme,Violet,Lifestyle,img/chaussure3f.jpg
107,Nike 1 Mid,Nike,46,104.99,Femme,Violet,Lifestyle,img/chaussure3f.jpg
108,Nike 1 Mid,Nike,47,104.99,Femme,Violet,Lifestyle,img/chaussure3f.jpg
109,Nike 1 Mid,Nike,48,104.99,Femme,Violet,Lifestyle,img/chaussure3f.jpg
110,Nike 1 Mid,Nike,49,104.99,Femme,Violet,Lifestyle,img/chaussure3f.jpg
111,New Balance 997,New Balance,40,109.99,Femme,Gris,Running,img/chaussure4f.jpg
112,New Balance 997,New Balance,41,109.99,Femme,Gris,Running,img/chaussure4f.jpg
113,New Balance 997,New Balance,42,109.99,Femme,Gris,Running,img/chaussure4f.jpg
114,New Balance 997,New Balance,43,109.99,Femme,Gris,Running,img/chaussure4f.jpg
115,New Balance 997,New Balance,44,109.99,Femme,Gris,Running,img/chaussure4f.jpg
116,New Balance 997,New Balance,45,109.99,Femme,Gris,Running,img/chaussure4f.jpg
117,New Balance 997,New Balance,46,109.99,Femme,Gris,Running,img/chaussure4f.jpg
118,New Balance 997,New Balance,47,109.99,Femme,Gris,Running,img/chaussure4f.jpg
119,New Balance 997,New Balance,48,109.99,Femme,Gris,Running,img/chaussure4f.jpg
120,New Balance 997,New Balance,49,109.99,Femme,Gris,Running,img/chaussure4f.jpg
121,Lacoste T-clip,Lacoste,40,84.99,Femme,Blanc,Classique,img/chaussure5f.jpg
122,Lacoste T-clip,Lacoste,41,84.99,Femme,Blanc,Classique,img/chaussure5f.jpg
123,Lacoste T-clip,Lacoste,42,84.99,Femme,Blanc,Classique,img/chaussure5f.jpg
124,Lacoste T-clip,Lacoste,43,84.99,Femme,Blanc,Classique,img/chaussure5f.jpg
125,Lacoste T-clip,Lacoste,44,84.99,Femme,Blanc,Classique,img/chaussure5f.jpg
126,Lacoste T-clip,Lacoste,45,84.99,Femme,Blanc,Classique,img/chaussure5f.jpg
127,Lacoste T-clip,Lacoste,46,84.99,Femme,Blanc,Classique,img/chaussure5f.jpg
128,Lacoste T-clip,Lacoste,47,84.99,Femme,Blanc,Classique,img/chaussure5f.jpg
129,Lacoste T-clip,Lacoste,48,84.99,Femme,Blanc,Classique,img/chaussure5f.jpg
130,Lacoste T-clip,Lacoste,49,84.99,Femme,Blanc,Classique,img/chaussure5f.jpg
131,Timberland Adley Way,Timberland,40,69.99,Femme,Jaune,Classique,img/chaussure6f.jpg
132,Timberland Adley Way,Timberland,41,69.99,Femme,Jaune,Classique,img/chaussure6f.jpg
133,Timberland Adley Way,Timberland,42,69.99,Femme,Jaune,Classique,img/chaussure6f.jpg
134,Timberland Adley Way,Timberland,43,69.99,Femme,Jaune,Classique,img/chaussure6f.jpg
135,Timberland Adley Way,Timberland,44,69.99,Femme,Jaune,Classique,img/chaussure6f.jpg
136,Timberland Adley Way,Timberland,45,69.99,Femme,Jaune,Classique,img/chaussure6f.jpg
137,Timberland Adley Way,Timberland,46,69.99,Femme,Jaune,Classique,img/chaussure6f.jpg
138,Timberland Adley Way,Timberland,47,69.99,Femme,Jaune,Classique,img/chaussure6f.jpg
139,Timberland Adley Way,Timberland,48,69.99,Femme,Jaune,Classique,img/chaussure6f.jpg
140,Timberland Adley Way,Timberland,49,69.99,Femme,Jaune,Classique,img/chaussure6f.jpg
141,New Balance 530,New Balance,40,99.99,Femme,Blanc,Lifestyle,img/chaussure7f.jpg
142,New Balance 530,New Balance,41,99.99,Femme,Blanc,Lifestyle,img/chaussure7f.jpg
143,New Balance 530,New Balance,42,99.99,Femme,Blanc,Lifestyle,img/chaussure7f.jpg
144,New Balance 530,New Balance,43,99.99,Femme,Blanc,Lifestyle,img/chaussure7f.jpg
145,New Balance 530,New Balance,44,99.99,Femme,Blanc,Lifestyle,img/chaussure7f.jpg
146,New Balance 530,New Balance,45,99.99,Femme,Blanc,Lifestyle,img/chaussure7f.jpg
147,New Balance 530,New Balance,46,99.99,Femme,Blanc,Lifestyle,img/chaussure7f.jpg
148,New Balance 530,New Balance,47,99.99,Femme,Blanc,Lifestyle,img/chaussure7f.jpg
149,New Balance 530,New Balance,48,99.99,Femme,Blanc,Lifestyle,img/chaussure7f.jpg
150,New Balance 530,New Balance,49,99.99,Femme,Blanc,Lifestyle,img/chaussure7f.jpg
151,Crocs Classic Clog,Crocs,40,29.99,Femme,Rose,Claquette,img/chaussure8f.jpg
152,Crocs Classic Clog,Crocs,41,29.99,Femme,Rose,Claquette,img/chaussure8f.jpg
153,Crocs Classic Clog,Crocs,42,29.99,Femme,Rose,Claquette,img/chaussure8f.jpg
154,Crocs Classic Clog,Crocs,43,29.99,Femme,Rose,Claquette,img/chaussure8f.jpg
155,Crocs Classic Clog,Crocs,44,29.99,Femme,Rose,Claquette,img/chaussure8f.jpg
156,Crocs Classic Clog,Crocs,45,29.99,Femme,Rose,Claquette,img/chaussure8f.jpg
157,Crocs Classic Clog,Crocs,46,29.99,Femme,Rose,Claquette,img/chaussure8f.jpg
158,Crocs Classic Clog,Crocs,47,29.99,Femme,Rose,Claquette,img/chaussure8f.jpg
159,Crocs Classic Clog,Crocs,48,29.99,Femme,Rose,Claquette,img/chaussure8f.jpg
160,Crocs Classic Clog,Crocs,49,29.99,Femme,Rose,Claquette,img/chaussure8f.jpg
161,Asics JAPAN S,Asics,35,54.99,Enfant,Blanc,Lifestyle,img/chaussure1e.jpg
162,Asics JAPAN S,Asics,36,54.99,Enfant,Blanc,Lifestyle,img/chaussure1e.jpg
163,Asics JAPAN S,Asics,37,54.99,Enfant,Blanc,Lifestyle,img/chaussure1e.jpg
164,Asics JAPAN S,Asics,38,54.99,Enfant,Blanc,Lifestyle,img/chaussure1e.jpg
165,Asics JAPAN S,Asics,39,54.99,Enfant,Blanc,Lifestyle,img/chaussure1e.jpg
166,Asics JAPAN S,Asics,40,54.99,Enfant,Blanc,Lifestyle,img/chaussure1e.jpg
167,Converse 70 High,Converse,35,79.99,Enfant,Blanc,Lifestyle,img/chaussure2e.jpg
168,Converse 70 High,Converse,36,79.99,Enfant,Blanc,Lifestyle,img/chaussure2e.jpg
169,Converse 70 High,Converse,37,79.99,Enfant,Blanc,Lifestyle,img/chaussure2e.jpg
170,Converse 70 High,Converse,38,79.99,Enfant,Blanc,Lifestyle,img/chaussure2e.jpg
171,Converse 70 High,Converse,39,79.99,Enfant,Blanc,Lifestyle,img/chaussure2e.jpg
172,Converse 70 High,Converse,40,79.99,Enfant,Blanc,Lifestyle,img/chaussure2e.jpg
173,Nike Victori One Slide,Nike,35,29.99,Enfant,Noir,Claquette,img/chaussure3e.jpg
174,Nike Victori One Slide,Nike,36,29.99,Enfant,Noir,Claquette,img/chaussure3e.jpg
175,Nike Victori One Slide,Nike,37,29.99,Enfant,Noir,Claquette,img/chaussure3e.jpg
176,Nike Victori One Slide,Nike,38,29.99,Enfant,Noir,Claquette,img/chaussure3e.jpg
177,Nike Victori One Slide,Nike,39,29.99,Enfant,Noir,Claquette,img/chaussure3e.jpg
178,Nike Victori One Slide,Nike,40,29.99,Enfant,Noir,Claquette,img/chaussure3e.jpg
179,Nike Air Force 1 Low,Nike,35,69.99,Enfant,Jaune,Lifestyle,img/chaussure4e.jpg
180,Nike Air Force 1 Low,Nike,36,69.99,Enfant,Jaune,Lifestyle,img/chaussure4e.jpg
181,Nike Air Force 1 Low,Nike,37,69.99,Enfant,Jaune,Lifestyle,img/chaussure4e.jpg
182,Nike Air Force 1 Low,Nike,38,69.99,Enfant,Jaune,Lifestyle,img/chaussure4e.jpg
183,Nike Air Force 1 Low,Nike,39,69.99,Enfant,Jaune,Lifestyle,img/chaussure4e.jpg
184,Nike Air Force 1 Low,Nike,40,69.99,Enfant,Jaune,Lifestyle,img/chaussure4e.jpg
185,Jordan 1 Low,Nike,35,89.99,Enfant,Jaune,Lifestyle,img/chaussure5e.jpg
186,Jordan 1 Low,Nike,36,89.99,Enfant,Jaune,Lifestyle,img/chaussure5e.jpg
187,Jordan 1 Low,Nike,37,89.99,Enfant,Jaune,Lifestyle,img/chaussure5e.jpg
188,Jordan 1 Low,Nike,38,89.99,Enfant,Jaune,Lifestyle,img/chaussure5e.jpg
189,Jordan 1 Low,Nike,39,89.99,Enfant,Jaune,Lifestyle,img/chaussure5e.jpg
190,Jordan 1 Low,Nike,40,89.99,Enfant,Jaune,Lifestyle,img/chaussure5e.jpg
191,Lacoste Carnaby,Lacoste,35,49.99,Enfant,Blanc,Classique,img/chaussure6e.jpg
192,Lacoste Carnaby,Lacoste,36,49.99,Enfant,Blanc,Classique,img/chaussure6e.jpg
193,Lacoste Carnaby,Lacoste,37,49.99,Enfant,Blanc,Classique,img/chaussure6e.jpg
194,Lacoste Carnaby,Lacoste,38,49.99,Enfant,Blanc,Classique,img/chaussure6e.jpg
195,Lacoste Carnaby,Lacoste,39,49.99,Enfant,Blanc,Classique,img/chaussure6e.jpg
196,Lacoste Carnaby,Lacoste,40,49.99,Enfant,Blanc,Classique,img/chaussure6e.jpg
197,Lacoste Twin Serve,Lacoste,35,59.99,Enfant,Gris,Classique,img/chaussure7e.jpg
198,Lacoste Twin Serve,Lacoste,36,59.99,Enfant,Gris,Classique,img/chaussure7e.jpg
199,Lacoste Twin Serve,Lacoste,37,59.99,Enfant,Gris,Classique,img/chaussure7e.jpg
200,Lacoste Twin Serve,Lacoste,38,59.99,Enfant,Gris,Classique,img/chaussure7e.jpg
201,Lacoste Twin Serve,Lacoste,39,59.99,Enfant,Gris,Classique,img/chaussure7e.jpg
202,Lacoste Twin Serve,Lacoste,40,59.99,Enfant,Gris,Classique,img/chaussure7e.jpg
203,Jordan Aj11 Low,Nike,35,45.99,Enfant,Gris,Running,img/chaussure8e.jpg
204,Jordan Aj11 Low,Nike,36,45.99,Enfant,Gris,Running,img/chaussure8e.jpg
205,Jordan Aj11 Low,Nike,37,45.99,Enfant,Gris,Running,img/chaussure8e.jpg
206,Jordan Aj11 Low,Nike,38,45.99,Enfant,Gris,Running,img/chaussure8e.jpg
207,Jordan Aj11 Low,Nike,39,45.99,Enfant,Gris,Running,img/chaussure8e.jpg
208,Jordan Aj11 Low,Nike,40,45.99,Enfant,Gris,Running,img/chaussure8e.jpg
